,Run,State,Reward,Points Reached,Terminal,Run Time,End Condition
0,10,[2.45004204e+00 7.68002810e+00 9.58869283e-03 6.80520425e-03],-0.5493916304079878,1,False,0.001,
1,10,[4.90008514e+00 1.01300882e+01 7.00804742e-03 5.83518690e-03],999.5984684601328,2,False,0.002,
2,10,[2.12012665e+00 7.35010150e+00 6.07142612e-03 1.24454173e-03],-0.3478670924514509,2,False,0.003,
3,10,[6.60036424e-01 4.57010481e+00 3.12218397e+00 1.95980589e-03],-178.88796417768557,2,True,0.004,Error exceeded 90 degrees
